Balanced vs Imbalanced datasets in hindi | Machine Learning lectures in hindi

confusion matrix in machine learning

Confusion Matrix ll Accuracy,Error Rate,Precision,Recall

evaluation matrix in machine learning

F1 Score Explained in Hindi l Machine Learning Course

AUC (Area Under the Curve) Explained in Hindi l ROC AUC l Machine Learning Course

Correlation Explained in Hindi

Bias and Variance Explained in Hindi l Machine Learning Course

Overfitting and Underfitting Explained with Examples in Hindi ll Machine Learning

Hypothesis Testing Solved Numerical 2 l Z test l Explained in Hindi l Machine Learning Course

R Squared Explained in Hindi